Respondent_ID,GHRM_composite,EGB_composite,GOC_composite,EK_composite,SO_composite,GHRM_x_GOC,GHRM_x_EK,Gender,Organization_Size,IT_Subsector
R0001,3.944,3.833,1.875,2.833,4.8,-1.08,-0.393,Female,Medium (500-2000),Digital Enterprises
R0002,1.778,2.333,3.875,4,3.7,-0.435,-0.833,Female,Large (>2000),Software Products
R0003,4.333,5,3.125,4.667,4.3,-0.475,1.23,Male,Large (>2000),Software Products
R0004,4.667,2.833,2.5,3.333,3.7,-1.476,-0.169,Male,Large (>2000),Digital Enterprises
R0005,1,1.5,3.625,4.167,2.6,-0.076,-1.641,Female,Large (>2000),IT Services/ITES
R0006,1.444,2.583,3.375,4,2,0.406,-1.014,Male,Small (<500),Software Products
R0007,3.667,4.667,3.25,3,4,-0.12,-0.161,Female,Small (<500),Software Products
R0008,2.778,1.5,5,2.167,3.1,-0.756,0.694,Male,Medium (500-2000),Digital Enterprises
R0009,3.444,2.333,3,2.167,4.1,-0.076,-0.166,Male,Large (>2000),IT Services/ITES
R0010,1.833,1,3.125,3.333,1.8,0.692,0.186,Female,Small (<500),IT Services/ITES
R0011,4.722,4.833,4.625,4.833,3,1.453,1.934,Male,Medium (500-2000),IT Services/ITES
R0012,4.778,2.417,3.25,3.333,1.9,-0.5,-0.183,Female,Large (>2000),IT Services/ITES
R0013,3.5,3.333,4.375,4,2.5,0.145,0.1,Female,Medium (500-2000),AI/ML Firms
R0014,4.889,5,3.75,4.833,3.8,0.248,2.164,Male,Large (>2000),Digital Enterprises
R0015,4.5,3.083,3.5,4.667,3.7,-0.109,1.432,Male,Large (>2000),IT Services/ITES
R0016,2.111,2.5,4.875,5,1.8,-1.545,-1.856,Male,Small (<500),Digital Enterprises
R0017,3.944,3.417,2.25,5,3.3,-0.844,0.97,Male,Medium (500-2000),Software Products
R0018,1.833,4.667,1,2,3.1,3.842,2.161,Male,Small (<500),IT Services/ITES
R0019,4.833,5,5,5,4.6,2.137,2.34,Male,Medium (500-2000),IT Services/ITES
R0020,3.167,2.75,5,3.5,4.7,-0.208,-0.006,Female,Large (>2000),Software Products
R0021,3.278,3,3.125,4.833,4.1,0.017,-0.051,Male,Small (<500),Software Products
R0022,2.444,4.667,1,3.333,3.9,2.258,0.109,Male,Large (>2000),Software Products
R0023,4.944,4.75,4,3.333,4.9,0.664,-0.204,Male,Large (>2000),IT Services/ITES
R0024,3.222,1.917,3.625,1.333,2.8,-0.003,0.198,Female,Large (>2000),Digital Enterprises
R0025,2.722,4,3.125,3.167,4,0.277,0.173,Male,Medium (500-2000),Software Products
R0026,2.944,2.5,2,1.333,3.5,0.591,0.789,Female,Medium (500-2000),IT Services/ITES
R0027,4.222,5,4.625,5,4,0.937,1.398,Female,Medium (500-2000),Software Products
R0028,3.944,5,4.875,5,4.7,0.807,0.97,Female,Small (<500),IT Services/ITES
R0029,4.056,4,2.125,2.833,2.5,-1.087,-0.463,Female,Small (<500),Software Products
R0030,4.444,4.083,4.75,4.667,4.6,1.307,1.365,Female,Small (<500),Software Products
R0031,5,5,5,3.5,5,2.372,0.07,Male,Large (>2000),IT Services/ITES
R0032,2.944,4,3.75,2.833,3.4,-0.059,0.232,Female,Small (<500),Software Products
R0033,2.444,2.667,3.375,4.5,4.7,0.189,-0.907,Male,Medium (500-2000),IT Services/ITES
R0034,2.056,2.833,3.125,3.167,2.7,0.588,0.367,Male,Large (>2000),IT Services/ITES
R0035,4.389,5,4.625,5,4.9,1.109,1.656,Female,Small (<500),Digital Enterprises
R0036,4.944,3.417,2,3.333,4,-2.593,-0.204,Male,Medium (500-2000),IT Services/ITES
R0037,3.111,2.5,3.875,5,3.5,-0.058,-0.315,Male,Small (<500),IT Services/ITES
R0038,1.889,1.917,2.875,3.833,2.8,1.023,-0.534,Male,Small (<500),IT Services/ITES
R0039,2.222,1.5,5,4,2.5,-1.539,-0.592,Male,Small (<500),IT Services/ITES
R0040,4.444,2,3.875,3.167,4.4,0.319,-0.329,Female,Small (<500),IT Services/ITES
R0041,4.611,5,5,4.167,4.9,1.825,0.918,Female,Medium (500-2000),IT Services/ITES
R0042,4.333,5,2.5,3.333,4.9,-1.112,-0.128,Male,Small (<500),IT Services/ITES
R0043,2.222,4.667,4.125,2,4.6,-0.582,1.594,Male,Medium (500-2000),AI/ML Firms
R0044,3.889,1.833,4.25,4.833,2.3,0.378,0.789,Male,Large (>2000),IT Services/ITES
R0045,3.611,4.583,2.625,4.667,4.8,-0.286,0.358,Female,Large (>2000),Software Products
R0046,4.167,5,4.125,4.5,3.8,0.454,0.887,Male,Medium (500-2000),IT Services/ITES
R0047,4.889,4.75,5,5,5,2.216,2.426,Female,Large (>2000),AI/ML Firms
R0048,3.944,3.917,3.375,5,5,-0.137,0.97,Female,Large (>2000),AI/ML Firms
R0049,4.389,1.833,2,3,3.3,-1.71,-0.492,Male,Medium (500-2000),Software Products
R0050,3.722,3.833,3.75,4.5,1.7,0.064,0.424,Male,Medium (500-2000),IT Services/ITES
R0051,4.167,2.167,2.875,3,3,-0.611,-0.39,Male,Small (<500),Digital Enterprises
R0052,4.667,4.083,3.5,4,5,-0.125,0.732,Female,Medium (500-2000),Software Products
R0053,1.111,1.583,3,2.333,2.6,1.305,2.48,Female,Medium (500-2000),IT Services/ITES
R0054,2.889,4.083,1.375,5,4.1,0.945,-0.657,Female,Large (>2000),IT Services/ITES
R0055,2.556,4.417,1.25,3.833,4.9,1.778,-0.284,Male,Large (>2000),AI/ML Firms
R0056,2.556,2.083,4,3.333,3.3,-0.31,0.095,Female,Small (<500),IT Services/ITES
R0057,3,1.833,3.25,5,4.2,0.108,-0.486,Male,Large (>2000),AI/ML Firms
R0058,5,1,1,1.333,3.8,-4.368,-3.581,Male,Large (>2000),Software Products
R0059,1.944,2.917,4.625,1,4.6,-1.416,3.371,Male,Large (>2000),Software Products
R0060,4.889,4.167,4.875,4.667,4.9,2.019,1.902,Male,Large (>2000),Software Products
R0061,1.111,1.583,2,3.667,3.1,3.509,-0.46,Male,Medium (500-2000),Software Products
R0062,2.667,4,1.75,3.833,3.7,1.194,-0.243,Male,Medium (500-2000),Digital Enterprises
R0063,3.889,3.167,4.625,2.333,3.3,0.593,-0.646,Female,Large (>2000),Software Products
R0064,4.444,2.917,4.5,4,5,1.025,0.612,Female,Small (<500),Software Products
R0065,4.556,4.75,5,5,4.8,1.747,1.913,Female,Large (>2000),Digital Enterprises
R0066,4.778,5,4.625,5,5,1.511,2.255,Female,Large (>2000),IT Services/ITES
R0067,2.778,4,4.375,3.833,3.7,-0.42,-0.201,Female,Large (>2000),IT Services/ITES
R0068,2.444,3.083,3.25,2.833,2.9,0.298,0.545,Female,Small (<500),Software Products
R0069,4.722,4.833,4.875,3.167,4.7,1.805,-0.41,Male,Large (>2000),Digital Enterprises
R0070,3.056,2.167,4.625,1,4.6,-0.268,0.637,Female,Small (<500),IT Services/ITES
R0071,1.5,2.25,4.75,3.167,3.3,-2.102,0.529,Male,Large (>2000),Software Products
R0072,1.833,2.833,2.5,4.667,1.2,1.619,-1.791,Male,Medium (500-2000),IT Services/ITES
R0073,1.889,3.167,2.75,1.5,2.8,1.201,2.793,Female,Large (>2000),IT Services/ITES
R0074,4.222,4.333,3.5,2.667,5,-0.084,-0.718,Male,Large (>2000),IT Services/ITES
R0075,3.444,2.833,4.75,2.333,3.3,0.149,-0.145,Male,Medium (500-2000),IT Services/ITES
R0076,4.611,4.833,5,2.833,3,1.825,-0.81,Male,Medium (500-2000),IT Services/ITES
R0077,2.944,4.167,2.625,3.5,5,0.359,-0.015,Female,Medium (500-2000),IT Services/ITES
R0078,3.5,1,3,1.167,3,-0.109,-0.424,Female,Medium (500-2000),Software Products
R0079,4.444,5,4.75,5,4.7,1.307,1.74,Male,Large (>2000),AI/ML Firms
R0080,3,1,3.25,4.5,1.6,0.108,-0.328,Male,Large (>2000),Software Products
R0081,4.167,3.417,4.875,3,4.9,1.093,-0.39,Female,Small (<500),AI/ML Firms
R0082,2.167,5,1,1,3.8,2.976,2.822,Male,Medium (500-2000),Software Products
R0083,3,3.167,2.625,2,4.6,0.305,0.459,Male,Medium (500-2000),IT Services/ITES
R0084,2.722,1.5,2.375,5,3.1,0.722,-0.914,Male,Small (<500),IT Services/ITES
R0085,1.278,3.833,1,1,3.4,5.28,5.008,Female,Large (>2000),IT Services/ITES
R0086,4.278,4.833,2.75,3,4.8,-0.811,-0.441,Male,Medium (500-2000),AI/ML Firms
R0087,2.722,1.5,2.125,2,2.7,0.87,0.865,Male,Small (<500),IT Services/ITES
R0088,3.667,4.583,3.625,4.333,4.8,0.012,0.308,Male,Large (>2000),Digital Enterprises
R0089,4.333,3.917,4.875,2.667,3.4,1.306,-0.806,Male,Medium (500-2000),Digital Enterprises
R0090,4,2.5,3.25,3.833,2,-0.234,0.257,Male,Large (>2000),Digital Enterprises
R0091,4.278,3.167,2.875,4.5,4.5,-0.691,1.003,Female,Small (<500),IT Services/ITES
R0092,3.278,2.25,3.375,5,4.3,0.008,-0.057,Female,Small (<500),Software Products
R0093,2.667,4.083,4.75,3.5,4.6,-0.75,-0.027,Male,Small (<500),AI/ML Firms
R0094,3.444,3.917,2.5,4,4.5,-0.141,0.07,Male,Medium (500-2000),Software Products
R0095,1.056,2.333,1.75,1,2.4,4.161,5.554,Male,Large (>2000),AI/ML Firms
R0096,1.333,1.333,3.75,4.667,2.8,-0.313,-2.396,Female,Medium (500-2000),Software Products
R0097,1.333,2.417,2.875,1.833,2.5,1.421,3.222,Male,Small (<500),AI/ML Firms
R0098,2,4.417,4.125,2.5,3.1,-0.701,1.26,Female,Medium (500-2000),Software Products
R0099,3.944,2.5,3.875,3.833,3.3,0.178,0.236,Female,Medium (500-2000),Digital Enterprises
R0100,2.056,4.917,4.5,1.167,5,-1.143,2.885,Female,Large (>2000),IT Services/ITES
R0101,2.722,3,2,4,1.9,0.944,-0.321,Female,Medium (500-2000),Software Products
R0102,5,4.333,4.25,5,4.9,1.108,2.598,Male,Large (>2000),IT Services/ITES
R0103,2.833,2.583,3.375,3.833,1.4,0.105,-0.181,Female,Large (>2000),IT Services/ITES
R0104,4.611,2.75,2.25,2.167,3.8,-1.739,-1.673,Female,Large (>2000),Digital Enterprises
R0105,1.889,2.333,1.375,3.333,2.4,3.162,0.179,Female,Medium (500-2000),IT Services/ITES
R0106,2.833,3.5,4.75,4.667,1.8,-0.558,-0.583,Female,Small (<500),IT Services/ITES
R0107,1.944,2.417,3.125,1,3.3,0.64,3.371,Female,Small (<500),IT Services/ITES
R0108,2.889,1.583,2.125,2.333,2,0.625,0.479,Female,Large (>2000),AI/ML Firms
R0109,4.5,4.25,4.125,5,2.4,0.631,1.827,Female,Medium (500-2000),Software Products
R0110,1.111,1,4.5,3.5,2.1,-2.001,-0.092,Female,Medium (500-2000),Digital Enterprises
R0111,4.167,2.667,1.125,4.167,4.8,-2.102,0.604,Male,Medium (500-2000),IT Services/ITES
R0112,3.722,2.75,1.5,5,4.8,-0.851,0.627,Male,Small (<500),Digital Enterprises
R0113,2.222,2.5,2.375,4.167,3.3,1.33,-0.775,Female,Medium (500-2000),AI/ML Firms
R0114,1.222,4.083,4.875,4.167,3.3,-2.685,-1.483,Female,Medium (500-2000),Software Products
R0115,3.556,3.75,4.25,5,5,0.159,0.371,Female,Small (<500),IT Services/ITES
R0116,2.667,3.083,4.625,3.333,5,-0.669,0.081,Male,Large (>2000),Software Products
R0117,3.778,1.417,2.5,2.833,4.1,-0.506,-0.289,Female,Small (<500),Software Products
R0118,3.444,2.917,2.125,4.333,2.8,-0.189,0.113,Male,Large (>2000),Software Products
R0119,5,5,5,4.5,5,2.372,1.755,Female,Medium (500-2000),Digital Enterprises
R0120,3.222,2.083,3.25,2.833,3.5,0.032,0.058,Female,Large (>2000),IT Services/ITES
R0121,1.667,4.25,3.625,1.833,1.9,-0.054,2.679,Female,Large (>2000),IT Services/ITES
R0122,3.778,1.917,3.375,5,4.3,-0.101,0.714,Female,Medium (500-2000),IT Services/ITES
R0123,3.611,3.5,4.5,4.333,5,0.269,0.259,Female,Medium (500-2000),Software Products
R0124,5,3.833,4.375,3.167,5,1.319,-0.491,Male,Large (>2000),IT Services/ITES
R0125,4.667,4.75,4.875,5,5,1.734,2.084,Female,Medium (500-2000),IT Services/ITES
R0126,4,3.167,4.875,3.5,4,0.879,0.029,Male,Small (<500),Digital Enterprises
R0127,5,3.917,2.375,4,4.7,-2.051,0.913,Male,Large (>2000),AI/ML Firms
R0128,1.5,3.333,1,4.167,3.5,4.705,-1.286,Female,Medium (500-2000),Software Products
R0129,2.5,2.417,4.875,1.5,2.1,-1.046,1.596,Male,Medium (500-2000),AI/ML Firms
R0130,1.944,2.833,4.75,4,2.4,-1.588,-0.743,Female,Large (>2000),IT Services/ITES
R0131,2.833,3.333,2.25,5,4.8,0.647,-0.743,Male,Large (>2000),Software Products
R0132,1.444,3.5,1,4.167,4.4,4.85,-1.326,Male,Small (<500),Software Products
R0133,4.5,3.5,4.375,3.333,2.8,0.928,-0.148,Male,Medium (500-2000),Software Products
R0134,3.111,3.917,4.875,2.667,4.8,-0.262,0.161,Male,Medium (500-2000),AI/ML Firms
R0135,1.222,2.083,5,2.833,2.7,-2.947,1.309,Male,Large (>2000),Digital Enterprises
R0136,1.667,2.583,4.125,3.167,3.2,-0.878,0.48,Female,Large (>2000),IT Services/ITES
R0137,4,3.75,3.75,3.167,4.5,0.108,-0.2,Female,Large (>2000),Software Products
R0138,4.722,5,3,4.833,5,-0.833,1.934,Male,Small (<500),IT Services/ITES
R0139,5,3.167,4.75,1.833,4.6,1.951,-2.739,Female,Small (<500),IT Services/ITES
R0140,5,5,4.625,5,5,1.74,2.598,Female,Medium (500-2000),IT Services/ITES
R0141,3.833,1.667,2.75,3.167,3.6,-0.436,-0.151,Female,Small (<500),IT Services/ITES
R0142,1.778,2.083,5,4,3.4,-2.164,-0.833,Female,Small (<500),Software Products
R0143,1,4.333,5,1.167,2.1,-3.259,5.305,Female,Medium (500-2000),Software Products
R0144,3.889,4.667,5,5,5,0.808,0.885,Male,Large (>2000),IT Services/ITES
R0145,1.889,3.25,2.125,5,3.8,2.092,-2.199,Male,Large (>2000),Software Products
R0146,2.833,2.167,4.5,4.333,3.7,-0.438,-0.422,Male,Large (>2000),AI/ML Firms
R0147,2.556,3.5,4.5,1.333,1.7,-0.689,1.613,Female,Small (<500),AI/ML Firms
R0148,3.167,3.083,4.5,4.833,2.8,-0.134,-0.204,Male,Large (>2000),IT Services/ITES
R0149,4.944,4.25,5,4.667,5,2.293,1.969,Female,Medium (500-2000),Digital Enterprises
R0150,3.778,3.333,4.625,1.167,3.9,0.478,-1.061,Male,Medium (500-2000),IT Services/ITES
R0151,3.222,3.667,4.5,3.5,1.9,-0.084,-0.004,Male,Medium (500-2000),AI/ML Firms
R0152,1.778,1.917,4.375,3.833,3.8,-1.203,-0.576,Male,Large (>2000),IT Services/ITES
R0153,1.056,1.667,3.375,3.667,1.5,0.49,-0.471,Female,Small (<500),AI/ML Firms
R0154,2.667,1.833,1.125,3.5,4.2,1.599,-0.027,Male,Large (>2000),IT Services/ITES
R0155,3.389,3.833,3.875,4.167,4,0.021,0.052,Female,Medium (500-2000),IT Services/ITES
R0156,5,5,3.25,5,5,-0.576,2.598,Female,Medium (500-2000),IT Services/ITES
R0157,3.778,3.583,1.875,5,4.9,-0.795,0.714,Male,Large (>2000),IT Services/ITES
R0158,4.944,4.75,5,1,4,2.293,-4.004,Female,Large (>2000),IT Services/ITES
R0159,2.667,3.417,5,3.167,2.5,-0.912,0.189,Female,Medium (500-2000),Digital Enterprises
R0160,1.278,2.667,5,3.333,2.7,-2.868,0.255,Female,Medium (500-2000),IT Services/ITES
R0161,1.722,3.833,4,1.167,4.4,-0.65,3.65,Male,Medium (500-2000),IT Services/ITES
R0162,2.333,2.667,5,3.667,1.5,-1.383,-0.205,Female,Large (>2000),IT Services/ITES
R0163,5,5,4.5,5,4.5,1.53,2.598,Female,Large (>2000),AI/ML Firms
R0164,2.167,5,3.375,1.833,4.7,0.249,1.866,Female,Large (>2000),AI/ML Firms
R0165,4.944,3.417,2.25,4.667,3.4,-2.186,1.969,Male,Large (>2000),IT Services/ITES
R0166,1.889,2.667,4,2,2.6,-0.582,2.08,Female,Large (>2000),Software Products
R0167,4.722,4.75,4.5,2.833,3.1,1.277,-0.88,Female,Large (>2000),Digital Enterprises
R0168,4.167,4.167,2.25,5,3.7,-1.143,1.313,Male,Small (<500),Digital Enterprises
R0169,3.222,2.083,4,3,2.8,-0.038,0.043,Female,Medium (500-2000),Digital Enterprises
R0170,3.389,4.917,3.5,4.167,4.7,-0.007,0.052,Male,Medium (500-2000),IT Services/ITES
R0171,2.222,3.083,5,1,2.1,-1.539,2.687,Male,Medium (500-2000),Software Products
R0172,3.889,3.25,5,5,5,0.808,0.885,Female,Medium (500-2000),Digital Enterprises
R0173,2.889,4.5,4,4.667,3.1,-0.174,-0.515,Male,Large (>2000),Software Products
R0174,1.667,3.5,3.25,2.667,2.8,0.564,1.304,Male,Large (>2000),Software Products
R0175,1.389,1.25,3.5,4,3.7,0.177,-1.043,Female,Large (>2000),IT Services/ITES
R0176,3.667,5,3.875,1.833,5,0.1,-0.572,Female,Large (>2000),IT Services/ITES
R0177,5,4.917,3,5,5,-0.998,2.598,Male,Large (>2000),AI/ML Firms
R0178,3.556,3.5,4,3.5,3.7,0.098,0.01,Male,Large (>2000),IT Services/ITES
R0179,3.444,4.833,2.5,3.5,5,-0.141,0.005,Male,Medium (500-2000),Software Products
R0180,4.056,3.75,1.875,3,5,-1.272,-0.34,Male,Large (>2000),IT Services/ITES
R0181,5,4.583,4.75,3.667,4,1.951,0.352,Female,Medium (500-2000),Digital Enterprises
R0182,3.833,3.417,4.375,4.333,3.8,0.405,0.453,Male,Large (>2000),Digital Enterprises
R0183,2.833,4,1.25,3.833,3.9,1.129,-0.181,Female,Small (<500),Software Products
R0184,4.944,4.917,4.125,4.833,4.4,0.868,2.239,Male,Medium (500-2000),IT Services/ITES
R0185,4.333,4.25,5,3.833,4.1,1.433,0.381,Female,Medium (500-2000),Software Products
R0186,5,5,5,4.667,5,2.372,2.037,Male,Large (>2000),AI/ML Firms
R0187,3.722,3.75,5,3.333,5,0.573,-0.051,Female,Large (>2000),IT Services/ITES
R0188,1.5,1.667,3.375,5,3.5,0.394,-2.798,Female,Small (<500),IT Services/ITES
R0189,1.278,2.5,2,1,2.3,3.243,5.008,Female,Small (<500),IT Services/ITES
R0190,5,3.667,2.625,5,4.6,-1.63,2.598,Male,Large (>2000),AI/ML Firms
R0191,5,5,5,5,5,2.372,2.598,Female,Small (<500),AI/ML Firms
R0192,3.278,1,4.375,2.833,1.8,-0.029,0.023,Male,Large (>2000),IT Services/ITES
R0193,2.833,3.083,5,5,4,-0.679,-0.743,Female,Large (>2000),Software Products
R0194,5,5,5,5,5,2.372,2.598,Female,Large (>2000),IT Services/ITES
R0195,1.778,4.25,3.375,4.667,2.6,0.334,-1.858,Male,Small (<500),Digital Enterprises
R0196,2.111,2.833,1.375,3.667,2.2,2.67,-0.251,Male,Large (>2000),IT Services/ITES
R0197,4.611,4.5,3.875,3.5,5,0.367,0.054,Male,Large (>2000),AI/ML Firms
R0198,2.778,3.083,3.875,3.167,3,-0.152,0.156,Female,Medium (500-2000),IT Services/ITES
R0199,3.333,3.5,3.625,4.167,5,0.001,0.013,Male,Large (>2000),IT Services/ITES
R0200,3.222,4,3,4.833,3.4,0.055,-0.128,Male,Medium (500-2000),Software Products
R0201,3.778,3.5,4.25,4.333,4.1,0.305,0.405,Female,Large (>2000),IT Services/ITES
R0202,5,4.917,3.875,2.667,5,0.477,-1.333,Female,Small (<500),Software Products
R0203,3.778,2.25,3.125,4.667,2.5,-0.216,0.56,Male,Medium (500-2000),IT Services/ITES
R0204,4.611,4.5,4.25,5,2.9,0.853,1.998,Male,Small (<500),IT Services/ITES
R0205,1,3.667,2.375,3.833,4.2,2.818,-0.867,Female,Large (>2000),Digital Enterprises
R0206,3.111,3.917,3.375,5,3.3,0.044,-0.315,Female,Medium (500-2000),IT Services/ITES
R0207,2,5,3.875,2.833,3.9,-0.372,0.822,Male,Medium (500-2000),Software Products
R0208,1.667,3.167,1.625,1.833,2.1,3.242,2.679,Male,Small (<500),Software Products
R0209,2.167,2.167,2.375,2.667,3,1.397,0.908,Female,Large (>2000),Software Products
R0210,2.944,2.333,5,1,2.2,-0.522,0.912,Male,Small (<500),AI/ML Firms
R0211,4.833,4.667,2.625,4.333,4.5,-1.468,1.328,Female,Large (>2000),IT Services/ITES
R0212,1.333,4.583,1,3.333,3.7,5.138,0.248,Female,Medium (500-2000),IT Services/ITES
R0213,3.444,3.917,1.5,3,2.9,-0.27,-0.059,Female,Large (>2000),Digital Enterprises
R0214,2.389,2.667,3.375,1,2.4,0.201,2.277,Male,Large (>2000),Software Products
R0215,3.167,4.167,3.5,1.167,3.4,0.014,0.339,Male,Large (>2000),IT Services/ITES
R0216,4.722,3.417,3.875,5,3,0.398,2.169,Female,Small (<500),Software Products
R0217,4.222,5,5,3,4.3,1.277,-0.416,Male,Medium (500-2000),Software Products
R0218,5,5,1,4.833,5,-4.368,2.316,Male,Small (<500),IT Services/ITES
R0219,3.111,3.667,4.375,2,3.5,-0.16,0.298,Male,Medium (500-2000),AI/ML Firms
R0220,2.389,3,5,4.833,2.8,-1.304,-1.273,Male,Medium (500-2000),Digital Enterprises
R0221,2.889,2.75,2.25,3.333,3.6,0.572,0.053,Male,Medium (500-2000),IT Services/ITES
R0222,3.667,1.833,3.25,4,2.4,-0.12,0.191,Male,Large (>2000),IT Services/ITES
R0223,3.833,3.083,2.5,5,4.3,-0.566,0.798,Male,Large (>2000),Digital Enterprises
R0224,1.833,1.5,2,5,4,2.36,-2.285,Female,Medium (500-2000),AI/ML Firms
R0225,3.667,2.083,3.625,3.667,2.9,0.012,0.073,Male,Large (>2000),AI/ML Firms
R0226,4.056,5,5,2.833,4.9,1.043,-0.463,Female,Large (>2000),IT Services/ITES
R0227,5,5,5,4,5,2.372,0.913,Female,Large (>2000),IT Services/ITES
R0228,5,5,4,4.833,5,0.687,2.316,Female,Small (<500),AI/ML Firms
R0229,2.278,2,5,3,4.4,-1.46,0.475,Female,Medium (500-2000),Software Products
R0230,3.167,3.083,3.875,3.167,3.9,-0.042,0.043,Female,Medium (500-2000),IT Services/ITES
R0231,1.222,2.333,5,5,1,-2.947,-3.227,Male,Medium (500-2000),Software Products
R0232,2.667,3.167,3.5,3.333,3.9,0.06,0.081,Male,Medium (500-2000),IT Services/ITES
R0233,4,4.583,4,5,4.9,0.279,1.056,Female,Medium (500-2000),IT Services/ITES
R0234,4.944,4.667,4.75,3.833,4.7,1.886,0.61,Female,Small (<500),Software Products
R0235,2.278,1.5,5,5,3.3,-1.46,-1.599,Male,Large (>2000),IT Services/ITES
R0236,2.056,1.333,4.75,4.167,1.7,-1.458,-0.892,Female,Small (<500),Software Products
R0237,1,1,1.875,4.167,1,3.975,-1.641,Female,Medium (500-2000),AI/ML Firms
R0238,3.333,3.083,5,3,3.7,0.025,-0.008,Female,Medium (500-2000),Digital Enterprises
R0239,1.667,3.583,3.125,2.333,1.3,0.77,1.855,Male,Large (>2000),IT Services/ITES
R0240,2.667,1.667,2.625,4,2.6,0.627,-0.351,Male,Large (>2000),Software Products
R0241,1.889,2.167,4.875,4.667,4.2,-1.829,-1.724,Male,Large (>2000),Digital Enterprises
R0242,3.389,3.083,3.5,3.833,2,-0.007,0.028,Male,Medium (500-2000),Digital Enterprises
R0243,1.167,1.167,3.5,1.167,1.1,0.198,4.922,Male,Small (<500),AI/ML Firms
R0244,1.389,2.5,3.375,1.5,1.7,0.418,3.772,Male,Small (<500),IT Services/ITES
R0245,5,5,5,2.667,5,2.372,-1.333,Female,Medium (500-2000),Software Products
R0246,1.444,3.667,4,1.167,3.2,-0.763,4.287,Male,Medium (500-2000),Digital Enterprises
R0247,1.667,2.583,1,3.5,4,4.272,-0.069,Female,Large (>2000),IT Services/ITES
R0248,5,5,5,5,5,2.372,2.598,Male,Medium (500-2000),IT Services/ITES
R0249,5,5,3.625,4.5,5,0.055,1.755,Female,Medium (500-2000),AI/ML Firms
R0250,1.611,5,1.125,1,4.3,4.204,4.189,Female,Large (>2000),IT Services/ITES
R0251,2.889,3.25,3.375,3.167,3.6,0.093,0.124,Female,Large (>2000),Software Products
R0252,3.889,3.417,4.25,3.5,3.1,0.378,0.024,Male,Large (>2000),Digital Enterprises
R0253,5,5,3.5,5,5,-0.155,2.598,Male,Medium (500-2000),IT Services/ITES
R0254,1.778,3.667,4.375,1.333,2.1,-1.203,3.267,Female,Small (<500),Software Products
R0255,2.889,3.667,1.625,2.667,4.6,0.838,0.337,Female,Medium (500-2000),Software Products
R0256,4.444,5,3.625,5,5,0.037,1.74,Female,Small (<500),IT Services/ITES
R0257,4.111,4.167,3.125,4.667,4.2,-0.372,0.962,Male,Medium (500-2000),IT Services/ITES
R0258,2.667,4.167,3.875,4.167,3.7,-0.183,-0.459,Male,Large (>2000),Software Products
R0259,3.389,3.25,4.25,3.833,4.2,0.049,0.028,Male,Medium (500-2000),IT Services/ITES
R0260,1.278,4.167,2,3.667,1.1,3.243,-0.425,Male,Small (<500),IT Services/ITES
R0261,3.056,4,4.75,4.5,4.1,-0.3,-0.27,Female,Small (<500),IT Services/ITES
R0262,3,2.5,3.75,2.5,3.1,-0.05,0.302,Male,Large (>2000),Digital Enterprises
R0263,4,1.5,1.125,4.833,3.2,-1.69,0.942,Female,Small (<500),IT Services/ITES
R0264,2.833,5,1,1.333,4.9,1.25,1.025,Male,Medium (500-2000),Digital Enterprises
R0265,4.111,4.083,3.75,4.167,4.2,0.126,0.564,Male,Large (>2000),IT Services/ITES
R0266,5,2.667,3.75,4,2.9,0.266,0.913,Male,Medium (500-2000),Software Products
R0267,3.833,3.167,3.625,2.833,3.5,0.017,-0.324,Female,Large (>2000),Software Products
R0268,4.222,4.667,4.125,4.167,4.4,0.483,0.643,Female,Small (<500),Digital Enterprises
R0269,3.556,3.417,4.125,2.833,4.1,0.128,-0.151,Female,Large (>2000),Software Products
R0270,3.556,3.083,4.875,1.833,3.9,0.309,-0.392,Male,Small (<500),Software Products
R0271,2.389,4.75,1.875,3,4.8,1.59,0.424,Male,Medium (500-2000),IT Services/ITES
R0272,3.722,2.25,2,2.167,2.5,-0.648,-0.525,Female,Medium (500-2000),IT Services/ITES
R0273,3.333,2.417,2.375,3.667,3.2,-0.022,0.004,Female,Large (>2000),IT Services/ITES
R0274,5,5,4.75,2.667,5,1.951,-1.333,Male,Medium (500-2000),Software Products
R0275,5,5,5,5,4.6,2.372,2.598,Male,Large (>2000),IT Services/ITES
R0276,3.944,4.25,3.25,2.667,4.4,-0.215,-0.498,Male,Medium (500-2000),Digital Enterprises
R0277,2.222,4.75,1,2.5,3.6,2.833,1.048,Female,Large (>2000),Digital Enterprises
R0278,1.611,4.083,1,2.667,3.2,4.417,1.348,Male,Medium (500-2000),Digital Enterprises
R0279,5,5,3.125,5,4.5,-0.787,2.598,Male,Medium (500-2000),IT Services/ITES
R0280,3.778,3.25,3,4,3.5,-0.274,0.251,Male,Large (>2000),Software Products
R0281,4.333,4.25,3.5,3.667,5,-0.094,0.212,Female,Medium (500-2000),Software Products
R0282,1,3,3.375,4,1.6,0.503,-1.254,Male,Large (>2000),Digital Enterprises
R0283,4.944,4,3.75,1.5,3.6,0.257,-3.19,Male,Large (>2000),AI/ML Firms
R0284,4.111,4.833,5,3.833,3.2,1.121,0.298,Female,Small (<500),IT Services/ITES
R0285,1.833,3.167,2,5,4.6,2.36,-2.285,Male,Large (>2000),IT Services/ITES
R0286,2.722,3.417,2.375,4,2.7,0.722,-0.321,Male,Small (<500),IT Services/ITES
R0287,4,3,4.25,4.167,4,0.451,0.485,Male,Large (>2000),IT Services/ITES
R0288,3.556,3.667,1.625,4.5,3.7,-0.474,0.251,Male,Large (>2000),IT Services/ITES
R0289,3,2.917,3.875,4.667,2.8,-0.089,-0.381,Male,Small (<500),IT Services/ITES
R0290,3.222,3.833,4.125,1.333,3.7,-0.05,0.198,Male,Small (<500),Software Products
R0291,3.056,5,3.25,1.5,5,0.089,0.507,Male,Large (>2000),Software Products
R0292,3.722,3,5,3.833,4.8,0.573,0.152,Female,Medium (500-2000),Software Products
R0293,5,4.75,3.625,3.167,4.2,0.055,-0.491,Female,Medium (500-2000),Digital Enterprises
R0294,1,1.167,5,4.333,2.1,-3.259,-2.025,Male,Large (>2000),Digital Enterprises
R0295,3.167,3.667,3,3.167,3.1,0.088,0.043,Female,Medium (500-2000),AI/ML Firms
R0296,3.944,5,2.25,1.167,3.2,-0.844,-1.441,Male,Small (<500),Digital Enterprises
R0297,3.889,3.417,4,2,4.5,0.234,-0.837,Female,Large (>2000),Software Products
R0298,2.833,3.917,1.75,1,4.7,0.888,1.185,Male,Large (>2000),Software Products
R0299,1,2.917,1.5,2.667,3.7,4.843,1.832,Male,Large (>2000),Software Products
R0300,4.056,3.417,4.5,3.333,3.2,0.673,-0.093,Male,Medium (500-2000),Software Products
R0301,5,5,5,3.667,5,2.372,0.352,Male,Large (>2000),AI/ML Firms
R0302,1.167,3.667,2.5,4.667,3.7,2.346,-2.596,Male,Small (<500),Software Products
R0303,4.833,4.917,5,5,5,2.137,2.34,Male,Small (<500),Digital Enterprises
R0304,2.667,4.5,4.875,3.833,3.6,-0.831,-0.243,Female,Medium (500-2000),IT Services/ITES
R0305,3.5,3.5,5,1,2.3,0.26,-0.455,Male,Large (>2000),Software Products
R0306,1.722,2,4.25,3.833,2.9,-1.048,-0.597,Male,Small (<500),AI/ML Firms
R0307,2.889,5,5,4.5,5,-0.6,-0.444,Female,Medium (500-2000),Digital Enterprises
R0308,5,4.5,1.5,5,3.8,-3.525,2.598,Male,Medium (500-2000),IT Services/ITES
R0309,4.5,3.5,3.625,5,4.6,0.039,1.827,Male,Large (>2000),Software Products
R0310,5,3.417,3.375,3,4.8,-0.366,-0.772,Male,Small (<500),IT Services/ITES
R0311,5,4.75,4.375,5,4.9,1.319,2.598,Male,Large (>2000),IT Services/ITES
R0312,4.111,4.75,3,2.833,5,-0.471,-0.498,Female,Medium (500-2000),AI/ML Firms
R0313,5,5,4.25,5,4.6,1.108,2.598,Male,Medium (500-2000),IT Services/ITES
R0314,4.111,4.167,5,1.333,2.5,1.121,-1.692,Male,Small (<500),Digital Enterprises
R0315,4.833,3.917,4.25,2.667,4,0.999,-1.201,Female,Large (>2000),Software Products
R0316,3.111,3.917,4.125,5,4.7,-0.109,-0.315,Female,Large (>2000),Digital Enterprises
R0317,3.833,2.75,3,3.333,3.2,-0.307,-0.065,Female,Small (<500),Software Products
R0318,2.556,1.833,3.625,4.833,2,-0.025,-1.043,Male,Medium (500-2000),Digital Enterprises
R0319,4.944,4.917,4.25,4.667,3.4,1.072,1.969,Male,Small (<500),Software Products
R0320,1.667,3.417,4,3.167,4.5,-0.672,0.48,Female,Medium (500-2000),AI/ML Firms
R0321,4.722,5,5,5,5,1.981,2.169,Male,Large (>2000),Digital Enterprises
R0322,3.333,2.583,5,3.333,4.3,0.025,-0.002,Female,Small (<500),IT Services/ITES
R0323,5,4.833,4.875,1.833,5,2.162,-2.739,Female,Large (>2000),Software Products
R0324,4.611,3.417,4.75,2.833,4.7,1.501,-0.81,Female,Medium (500-2000),Digital Enterprises
R0325,5,4.833,3.5,5,4.9,-0.155,2.598,Male,Small (<500),Digital Enterprises
R0326,4.667,3.083,4.125,4.667,3.8,0.72,1.634,Female,Small (<500),AI/ML Firms
R0327,1,4.667,4.375,1,2.8,-1.812,5.691,Female,Small (<500),IT Services/ITES
R0328,3.444,4.083,4.75,2.833,5,0.149,-0.081,Female,Large (>2000),Software Products
R0329,1.667,4,4,2.5,3.7,-0.672,1.579,Female,Medium (500-2000),IT Services/ITES
R0330,2.5,4.417,4.75,3,3.2,-0.944,0.374,Female,Large (>2000),AI/ML Firms
R0331,5,5,5,2.333,5,2.372,-1.896,Female,Small (<500),Software Products
R0332,4.278,2.75,5,2.5,2.8,1.356,-0.923,Female,Medium (500-2000),Software Products
R0333,2.222,2.25,4.125,1.833,4.3,-0.582,1.777,Female,Medium (500-2000),Digital Enterprises
R0334,1.889,2.25,2.75,4.5,1.8,1.201,-1.486,Female,Medium (500-2000),AI/ML Firms
R0335,3.444,2.583,4.625,4.5,3.8,0.133,0.134,Female,Small (<500),AI/ML Firms
R0336,1.333,3.333,1,3.167,4.3,5.138,0.577,Female,Small (<500),Digital Enterprises
R0337,2.333,2.75,3.75,3,3.7,-0.155,0.45,Female,Large (>2000),IT Services/ITES
R0338,4.056,2,1,4.333,3.5,-1.921,0.648,Male,Large (>2000),IT Services/ITES
R0339,4.889,4,1.625,2.667,4.7,-3.096,-1.245,Female,Small (<500),Digital Enterprises
R0340,4.611,4.25,4.625,2.5,4.1,1.339,-1.242,Female,Large (>2000),Digital Enterprises
R0341,1,3.833,3.5,1.5,2,0.213,4.534,Female,Medium (500-2000),Software Products
R0342,3.722,4.167,2.625,3,3.9,-0.394,-0.187,Male,Large (>2000),IT Services/ITES
R0343,3.5,4.333,2.875,2.167,5,-0.133,-0.239,Male,Large (>2000),IT Services/ITES
R0344,4.111,3.5,5,4.333,4.2,1.121,0.696,Male,Small (<500),Software Products
R0345,5,5,3.875,4.833,4.9,0.477,2.316,Female,Large (>2000),Software Products
R0346,1.056,2.667,5,1,1.7,-3.181,5.554,Female,Small (<500),Software Products
R0347,2.667,1,3.5,3.667,3.7,0.06,-0.135,Female,Medium (500-2000),AI/ML Firms
R0348,4.667,2.917,4.5,4,4.7,1.227,0.732,Male,Large (>2000),Software Products
R0349,1.056,1,4.75,3.667,1.7,-2.616,-0.471,Male,Large (>2000),Digital Enterprises
R0350,4.944,4.833,4.625,3.667,4.6,1.682,0.34,Female,Small (<500),IT Services/ITES
R0351,3.944,3.333,2,1.833,4.2,-1.001,-1.022,Female,Small (<500),IT Services/ITES
R0352,4.778,3.833,4,2.5,3.7,0.597,-1.402,Female,Medium (500-2000),AI/ML Firms
R0353,2.444,5,3.375,3.5,4.3,0.189,-0.036,Male,Medium (500-2000),IT Services/ITES
R0354,4.611,4.583,2.25,5,5,-1.739,1.998,Male,Medium (500-2000),AI/ML Firms
R0355,4.833,4.5,3.875,1,5,0.429,-3.732,Female,Small (<500),Digital Enterprises
R0356,3.944,2.75,2.5,4.5,2.5,-0.687,0.655,Male,Large (>2000),AI/ML Firms
R0357,4,2.833,5,5,3.1,0.964,1.056,Female,Large (>2000),AI/ML Firms
R0358,3.833,4.083,4,3.333,4.2,0.211,-0.065,Female,Large (>2000),AI/ML Firms
R0359,2.111,3.333,3.375,4.333,4.5,0.261,-1.053,Female,Small (<500),IT Services/ITES
R0360,3.056,1.583,3.375,2.5,1.2,0.056,0.248,Male,Small (<500),IT Services/ITES
R0361,3.389,2.917,4,3.167,3.9,0.03,-0.022,Male,Medium (500-2000),IT Services/ITES
R0362,4.056,3.667,4.625,1,2.7,0.765,-1.821,Female,Medium (500-2000),Digital Enterprises
R0363,4.833,2.833,2.875,1.167,3.5,-1.089,-3.478,Female,Large (>2000),IT Services/ITES
R0364,1.667,2.083,1.875,4.5,2.4,2.83,-1.717,Male,Small (<500),Software Products
R0365,3.056,3.083,4.875,2.5,2.9,-0.332,0.248,Male,Large (>2000),IT Services/ITES
R0366,5,4.333,3.75,3.833,4.7,0.266,0.631,Female,Medium (500-2000),IT Services/ITES
R0367,2.611,4,1.25,1.5,3.6,1.649,1.379,Male,Medium (500-2000),IT Services/ITES
R0368,2.222,4,4,1.167,3.2,-0.446,2.505,Male,Medium (500-2000),IT Services/ITES
R0369,3.889,4.667,4.75,3.833,3.1,0.665,0.215,Female,Small (<500),Digital Enterprises
R0370,4.722,3.083,1.875,3.167,4.6,-2.416,-0.41,Male,Small (<500),IT Services/ITES
R0371,3.278,3.167,3.875,4.167,4.2,-0.01,-0.026,Male,Large (>2000),Digital Enterprises
R0372,5,5,4.875,4.667,5,2.162,2.037,Male,Medium (500-2000),AI/ML Firms
R0373,4.778,4.833,4.875,4.5,3.4,1.877,1.524,Male,Small (<500),Software Products
R0374,4.667,4.083,4.75,3.833,4.8,1.565,0.507,Male,Medium (500-2000),IT Services/ITES
R0375,4.389,4.75,2.375,5,5,-1.307,1.656,Male,Small (<500),Digital Enterprises
R0376,5,5,5,2.333,5,2.372,-1.896,Male,Large (>2000),AI/ML Firms
R0377,3.056,4.833,3.125,3.333,4.4,0.121,0.032,Female,Large (>2000),Software Products
R0378,1,4.25,2.25,4.5,2.8,3.107,-2.412,Male,Medium (500-2000),IT Services/ITES
R0379,5,5,5,5,5,2.372,2.598,Female,Large (>2000),Software Products
R0380,2.944,3.167,5,1.5,5,-0.522,0.727,Female,Medium (500-2000),IT Services/ITES
R0381,3.667,4,5,3.5,2.2,0.495,0.015,Female,Large (>2000),Software Products
R0382,5,5,5,5,5,2.372,2.598,Male,Medium (500-2000),IT Services/ITES
R0383,1,1.917,3,3.667,1.5,1.371,-0.483,Male,Large (>2000),IT Services/ITES
R0384,1.5,1.083,3.75,4.167,3,-0.287,-1.286,Female,Large (>2000),IT Services/ITES
R0385,1.056,2.75,4.125,2.5,3.5,-1.204,2.165,Male,Medium (500-2000),Software Products
R0386,2,2.167,3.375,2.667,1.9,0.286,1.041,Female,Small (<500),AI/ML Firms
R0387,4.278,4.167,4.5,4.333,4.8,0.874,0.842,Female,Small (<500),AI/ML Firms
R0388,4.167,3.25,4.875,3.833,4,1.093,0.319,Male,Medium (500-2000),IT Services/ITES
R0389,4.056,2.583,3.875,4,4,0.21,0.401,Male,Small (<500),Digital Enterprises
R0390,1.278,3.417,2.25,3.5,2.8,2.734,-0.085,Female,Medium (500-2000),AI/ML Firms
R0391,1,4,2.25,1.833,4.3,3.107,3.763,Male,Medium (500-2000),Software Products
R0392,3.5,4.167,4.875,4,4.2,0.237,0.1,Female,Small (<500),Software Products
R0393,2.5,5,3.75,5,4.1,-0.129,-1.257,Female,Large (>2000),IT Services/ITES
R0394,4.167,4,4.5,1.167,5,0.773,-1.952,Male,Small (<500),AI/ML Firms
R0395,4.611,4.833,4.875,4.333,5,1.663,1.134,Male,Small (<500),Digital Enterprises
R0396,3.667,2.333,3.25,2.667,4.2,-0.12,-0.278,Female,Small (<500),Software Products
R0397,4.722,3.417,5,4.333,3.6,1.981,1.231,Male,Large (>2000),Software Products
R0398,3.722,5,4.625,3.667,3.9,0.42,0.085,Female,Medium (500-2000),Digital Enterprises
R0399,4.389,2.917,2,4.667,3.2,-1.71,1.298,Male,Small (<500),Digital Enterprises
R0400,2.556,1.25,5,4.833,1.9,-1.069,-1.043,Female,Small (<500),IT Services/ITES
R0401,2.944,3.5,3.25,3.5,4.5,0.127,-0.015,Female,Medium (500-2000),IT Services/ITES
R0402,3.722,3.5,1.75,4.833,4.5,-0.75,0.559,Male,Large (>2000),Digital Enterprises
R0403,4.611,2.333,2.5,1.333,3.6,-1.415,-2.754,Female,Medium (500-2000),IT Services/ITES
R0404,2.722,2.833,1.875,5,4.4,1.018,-0.914,Female,Medium (500-2000),AI/ML Firms
R0405,4.278,4.917,4.625,4.167,5,0.995,0.682,Female,Medium (500-2000),Digital Enterprises
R0406,3.222,2.583,3.5,4.667,3.4,0.009,-0.112,Male,Small (<500),Software Products
R0407,3.333,1.917,3.125,2.167,2.2,-0.008,-0.023,Male,Medium (500-2000),Software Products
R0408,4.889,4.833,4.75,2.667,5,1.822,-1.245,Female,Medium (500-2000),Digital Enterprises
R0409,1,3.083,3.375,3.5,2.6,0.503,-0.096,Male,Large (>2000),IT Services/ITES
R0410,1.444,2.167,3.625,3.333,2.4,-0.062,0.234,Female,Small (<500),Software Products
R0411,1.111,1.083,3.75,3.333,1.3,-0.348,0.276,Male,Small (<500),IT Services/ITES
R0412,1,1,3.5,4.667,1.1,0.213,-2.798,Female,Medium (500-2000),IT Services/ITES
R0413,2.5,4.167,1,1.167,2.4,2.113,1.868,Female,Large (>2000),Software Products
R0414,4.167,5,3.75,5,5,0.135,1.313,Male,Medium (500-2000),AI/ML Firms
R0415,3,2.333,1.125,3.333,2,0.777,0.039,Male,Large (>2000),Software Products
R0416,3.667,3.5,3.875,3.333,5,0.1,-0.044,Male,Large (>2000),Software Products
R0417,4.944,4.833,4.125,1.833,3.9,0.868,-2.648,Female,Large (>2000),Software Products
R0418,5,3.167,5,4.667,2.7,2.372,2.037,Male,Medium (500-2000),IT Services/ITES
R0419,3.389,4.25,5,1,4.5,0.104,-0.182,Female,Large (>2000),Digital Enterprises
R0420,4.944,4.083,4.625,5,4.9,1.682,2.511,Female,Large (>2000),IT Services/ITES
R0421,3.444,3.833,3.25,1.333,3.8,-0.044,-0.274,Male,Large (>2000),Digital Enterprises
R0422,1.944,3.333,4.25,3.667,3.6,-0.902,-0.286,Female,Medium (500-2000),Software Products
R0423,2.667,4.167,3,3.5,2.2,0.384,-0.027,Male,Small (<500),IT Services/ITES
R0424,1.111,3,2.875,4.667,2.1,1.581,-2.664,Male,Medium (500-2000),IT Services/ITES
R0425,1.944,1,4.75,3,1,-1.588,0.628,Female,Large (>2000),AI/ML Firms
R0426,2.722,2.75,2.875,2.833,1.2,0.425,0.371,Male,Large (>2000),IT Services/ITES
R0427,4.889,4.583,5,3,4.4,2.216,-0.721,Male,Medium (500-2000),AI/ML Firms
R0428,5,5,4.875,5,3.7,2.162,2.598,Female,Large (>2000),IT Services/ITES
R0429,1.389,3.75,1.625,3.833,1.5,3.789,-0.722,Female,Small (<500),Digital Enterprises
R0430,4.111,4.667,5,3.333,4,1.121,-0.1,Female,Large (>2000),AI/ML Firms
R0431,1.611,3.25,4,3,2.5,-0.695,0.781,Male,Medium (500-2000),Digital Enterprises
R0432,4.167,3.667,4,1.833,4.4,0.347,-1.385,Female,Large (>2000),Software Products
R0433,3,1.417,2.75,3.833,3.2,0.265,-0.118,Male,Medium (500-2000),Software Products
R0434,1.111,4.25,1.625,1.167,3.8,4.336,5.05,Male,Large (>2000),IT Services/ITES
R0435,4.889,4.833,3.25,4.833,5,-0.538,2.164,Male,Small (<500),IT Services/ITES
R0436,2.444,2,4.5,3.833,3.9,-0.791,-0.326,Female,Medium (500-2000),AI/ML Firms
R0437,2.667,4.083,2.375,5,3.8,0.789,-0.999,Female,Large (>2000),Software Products
R0438,1.722,4.417,3.375,1.333,4.1,0.346,3.386,Male,Small (<500),IT Services/ITES
R0439,2.611,3.583,2,3.167,3.9,1.121,0.205,Male,Medium (500-2000),Software Products
R0440,4,1.083,3.625,5,3,0.023,1.056,Female,Medium (500-2000),IT Services/ITES
R0441,3.278,1.917,3.875,4.833,2.5,-0.01,-0.051,Male,Large (>2000),Software Products
R0442,3.944,5,5,2.833,4.7,0.885,-0.393,Male,Large (>2000),Digital Enterprises
R0443,4.111,3.333,2,3.833,2.8,-1.267,0.298,Female,Medium (500-2000),Software Products
R0444,4.944,3.417,5,4.667,4.8,2.293,1.969,Male,Large (>2000),IT Services/ITES
R0445,3,4.667,4,4,4,-0.129,-0.171,Male,Medium (500-2000),Software Products
R0446,1.111,3,3.625,2,2.4,-0.072,3.214,Female,Large (>2000),Software Products
R0447,4.944,5,4.25,3.667,4.8,1.072,0.34,Male,Small (<500),IT Services/ITES
R0448,2.944,3.75,4.125,1.333,2.6,-0.198,0.789,Female,Medium (500-2000),Software Products
R0449,4.889,4.833,4.375,4.167,5,1.232,1.115,Female,Medium (500-2000),IT Services/ITES
R0450,3.944,4.5,5,4.5,4.3,0.885,0.655,Male,Small (<500),Software Products
R0451,3.389,4.167,2.875,3.167,3,-0.053,-0.022,Female,Large (>2000),AI/ML Firms
R0452,4.222,5,5,2,5,1.277,-1.323,Female,Small (<500),Digital Enterprises
R0453,5,5,3.875,5,5,0.477,2.598,Female,Large (>2000),AI/ML Firms
R0454,5,4.583,4.625,4.833,3.9,1.74,2.316,Female,Large (>2000),Software Products
R0455,3.667,4.167,2,2.833,4.7,-0.56,-0.22,Male,Large (>2000),IT Services/ITES
R0456,3.833,4.75,4.625,2.833,3.8,0.535,-0.324,Female,Large (>2000),Software Products
R0457,4.833,4.917,5,1.833,4.9,2.137,-2.467,Female,Large (>2000),IT Services/ITES
R0458,2.056,2.75,3.125,1.833,2.9,0.588,2.046,Female,Large (>2000),Digital Enterprises
R0459,4,4.917,3.375,3,5,-0.149,-0.314,Male,Large (>2000),Software Products
R0460,3.556,4.5,2.25,4.833,4.3,-0.323,0.331,Female,Medium (500-2000),Software Products
R0461,3.889,5,3.625,2.833,4.3,0.019,-0.359,Male,Large (>2000),Digital Enterprises
R0462,2,2.833,1.25,4.167,3.8,3.08,-0.932,Female,Large (>2000),IT Services/ITES
R0463,1.167,3.25,2,2.167,2.3,3.42,2.774,Male,Medium (500-2000),Software Products
R0464,1,2.167,3.25,3,3.7,0.792,1.061,Male,Medium (500-2000),Digital Enterprises
R0465,1.722,2,4.875,2.833,2.4,-2.044,0.996,Male,Small (<500),Software Products
R0466,2.833,1.333,5,4.667,1,-0.679,-0.583,Female,Large (>2000),AI/ML Firms
R0467,2.889,1,3,2.5,2.5,0.252,0.408,Female,Large (>2000),Software Products
R0468,5,5,5,2.333,5,2.372,-1.896,Male,Small (<500),Digital Enterprises
R0469,4.944,4.5,4.625,2,5,1.682,-2.375,Female,Small (<500),AI/ML Firms
R0470,2.278,2.5,2.875,2.167,4.7,0.744,1.339,Male,Large (>2000),Software Products
R0471,4.167,5,4.75,1.833,4,0.986,-1.385,Male,Small (<500),Digital Enterprises
R0472,3.056,2.833,3.5,4.167,4.3,0.024,-0.184,Male,Large (>2000),Software Products
R0473,3,4.583,4,3,3.4,-0.129,0.144,Male,Medium (500-2000),Digital Enterprises
R0474,3.833,4.083,3.125,5,4.2,-0.242,0.798,Male,Medium (500-2000),AI/ML Firms
R0475,4.333,4.333,1.75,1.333,3.1,-1.875,-2.163,Male,Small (<500),Software Products
R0476,2.889,3.833,1.375,3.667,3,0.945,-0.089,Male,Small (<500),IT Services/ITES
R0477,4.944,5,4.875,2.5,4.5,2.09,-1.561,Male,Medium (500-2000),Software Products
R0478,1.556,3.333,2.75,3.167,4.1,1.481,0.512,Male,Medium (500-2000),IT Services/ITES
R0479,3.611,4.25,3.125,3.833,4.8,-0.138,0.111,Female,Large (>2000),IT Services/ITES
R0480,5,5,4.875,1.833,5,2.162,-2.739,Male,Large (>2000),IT Services/ITES
R0481,4.111,3.583,4.75,4.333,2.6,0.922,0.696,Male,Large (>2000),Digital Enterprises
R0482,5,5,4.875,5,5,2.162,2.598,Male,Medium (500-2000),Digital Enterprises
R0483,3.778,5,3,3,4.1,-0.274,-0.212,Female,Medium (500-2000),IT Services/ITES
R0484,4.556,4.167,5,4,4.8,1.747,0.672,Female,Small (<500),IT Services/ITES
R0485,3.556,3.917,5,5,4.8,0.339,0.371,Male,Large (>2000),Software Products
R0486,3.278,4.667,4.625,3.167,4.9,-0.038,0.011,Female,Medium (500-2000),Digital Enterprises
R0487,2.111,4.333,4.75,2.333,2.5,-1.394,1.355,Female,Large (>2000),Digital Enterprises
R0488,4.167,3.75,5,1,1.7,1.199,-2.094,Female,Large (>2000),Digital Enterprises
R0489,2,1,4.875,4.333,1,-1.687,-1.15,Male,Small (<500),AI/ML Firms
R0490,4.278,4.667,4.875,3.667,5,1.235,0.201,Female,Medium (500-2000),IT Services/ITES
R0491,5,2.167,5,2.667,3.3,2.372,-1.333,Male,Large (>2000),Software Products
R0492,4.222,5,4.625,4,4,0.937,0.491,Male,Large (>2000),IT Services/ITES
R0493,2.778,3.833,2,2.5,5,0.855,0.515,Female,Medium (500-2000),Software Products
R0494,4.167,5,4.875,2.833,5,1.093,-0.533,Male,Large (>2000),IT Services/ITES
R0495,3.056,1.917,2.125,4.167,3.1,0.38,-0.184,Female,Small (<500),IT Services/ITES
R0496,4.611,2.167,3.25,2,3.5,-0.443,-1.89,Male,Large (>2000),AI/ML Firms
R0497,1,1.583,4.625,4.333,1.3,-2.391,-2.025,Male,Medium (500-2000),IT Services/ITES
R0498,3,3.417,4.875,2,3.6,-0.404,0.459,Male,Large (>2000),Software Products
R0499,1,1.75,4.875,2.167,3.4,-2.97,2.99,Female,Medium (500-2000),AI/ML Firms
R0500,1.222,2.083,2.875,5,2.8,1.501,-3.227,Male,Large (>2000),IT Services/ITES
R0501,5,5,3.125,5,5,-0.787,2.598,Male,Large (>2000),Software Products
R0502,4.889,5,3.875,4.5,5,0.445,1.64,Female,Small (<500),IT Services/ITES
R0503,2.389,4.417,3.375,2,2.8,0.201,1.351,Male,Medium (500-2000),Software Products
R0504,1.111,4.083,3.125,2,3.9,1.03,3.214,Male,Medium (500-2000),IT Services/ITES
R0505,1,3.417,3.875,3.167,2.2,-0.655,0.674,Female,Large (>2000),Software Products
R0506,2.611,3,3.125,3.833,1.2,0.329,-0.264,Male,Large (>2000),Software Products
R0507,5,4.25,5,4.333,3.4,2.372,1.474,Male,Medium (500-2000),IT Services/ITES
R0508,4.278,3.5,2.625,3.667,3,-0.931,0.201,Male,Medium (500-2000),IT Services/ITES
R0509,2.222,4.083,4.125,3,4.2,-0.582,0.501,Male,Large (>2000),Digital Enterprises
R0510,4.222,2.583,4.125,1.833,3.7,0.483,-1.474,Male,Large (>2000),Software Products
R0511,1.111,3.417,2,2.167,3,3.509,2.846,Female,Medium (500-2000),IT Services/ITES
R0512,3.167,2.5,3.125,4.5,4.9,0.069,-0.154,Male,Large (>2000),Software Products
R0513,3.5,4.75,3.25,2.167,3.5,-0.063,-0.239,Male,Medium (500-2000),Software Products
R0514,3.111,4.25,3.5,2.833,3.9,0.019,0.128,Male,Medium (500-2000),IT Services/ITES
R0515,4.722,4.917,5,2.833,4.8,1.981,-0.88,Female,Large (>2000),IT Services/ITES
R0516,3.944,4.667,3.875,4.333,3.4,0.178,0.55,Female,Large (>2000),AI/ML Firms
R0517,4.778,4.083,3.875,3.5,4.4,0.414,0.061,Male,Small (<500),AI/ML Firms
R0518,2.389,3.583,1.125,5,2.1,2.285,-1.428,Female,Medium (500-2000),Digital Enterprises
R0519,4.778,3,2.75,4.5,5,-1.232,1.524,Male,Medium (500-2000),Digital Enterprises
R0520,5,2.083,3.875,2.667,3.5,0.477,-1.333,Male,Small (<500),Software Products
R0521,2.056,3,2.5,4.333,4.9,1.375,-1.101,Male,Large (>2000),Software Products
R0522,2.167,2.667,5,2.167,2.7,-1.616,1.483,Female,Small (<500),IT Services/ITES
R0523,5,5,4,3.333,5,0.687,-0.211,Male,Medium (500-2000),IT Services/ITES
R0524,2.944,4.833,4.875,4.5,4,-0.476,-0.387,Male,Large (>2000),IT Services/ITES
R0525,5,5,4.5,3.167,5,1.53,-0.491,Female,Small (<500),IT Services/ITES
R0526,2.722,1.917,3.625,4.833,2.4,-0.02,-0.815,Female,Medium (500-2000),Digital Enterprises
R0527,5,3.917,4.25,3.667,4.9,1.108,0.352,Female,Large (>2000),IT Services/ITES
R0528,3.611,3.833,3.75,3.167,4.4,0.047,-0.086,Female,Medium (500-2000),Digital Enterprises
R0529,3.833,5,5,3,4.4,0.729,-0.237,Female,Medium (500-2000),Digital Enterprises
R0530,5,4.833,1.375,3.5,4.9,-3.736,0.07,Male,Medium (500-2000),IT Services/ITES
R0531,2.944,4.833,1,4.667,3.2,0.962,-0.449,Male,Large (>2000),Software Products
R0532,2,2.583,2.75,4.333,4.9,1.107,-1.15,Female,Large (>2000),IT Services/ITES
R0533,2.611,2.083,3.625,5,3,-0.023,-1.085,Male,Small (<500),IT Services/ITES
R0534,4.167,5,4.75,5,5,0.986,1.313,Female,Medium (500-2000),Digital Enterprises
R0535,1.167,1.917,3.625,1.5,2.2,-0.071,4.207,Male,Large (>2000),Digital Enterprises
R0536,4.389,3.833,3.125,4,4.4,-0.502,0.582,Male,Medium (500-2000),Software Products
R0537,2.444,3.083,5,2,2.2,-1.226,1.27,Male,Medium (500-2000),Software Products
R0538,4.944,5,4.875,2.833,5,2.09,-1.019,Female,Medium (500-2000),Digital Enterprises
R0539,1,3.083,3.25,2.333,2.8,0.792,2.605,Male,Medium (500-2000),IT Services/ITES
R0540,2.111,1,4.875,2,3.7,-1.545,1.756,Female,Large (>2000),AI/ML Firms
R0541,1.167,3.75,3.375,1.667,3.2,0.466,3.848,Male,Small (<500),IT Services/ITES
R0542,1.944,2.667,2.375,3.333,4.1,1.669,0.172,Female,Small (<500),Software Products
R0543,4.056,3.75,4.875,1.667,4.3,0.951,-1.327,Female,Large (>2000),Software Products
R0544,3.056,3.417,3.75,4.833,4.8,-0.041,-0.356,Female,Large (>2000),Software Products
R0545,3.056,3.583,3.625,2.333,3.6,-0.009,0.292,Male,Medium (500-2000),IT Services/ITES
R0546,3.056,3.917,5,5,5,-0.365,-0.399,Male,Large (>2000),Software Products
R0547,3.833,1.917,1,2.833,2.6,-1.343,-0.324,Male,Large (>2000),IT Services/ITES
R0548,1.833,3,1.125,3.5,2.4,3.656,-0.062,Male,Medium (500-2000),AI/ML Firms
R0549,4.389,4.333,2.5,2,3.6,-1.173,-1.566,Female,Large (>2000),Software Products
R0550,4.444,3.833,3.75,5,5,0.178,1.74,Male,Large (>2000),Digital Enterprises
R0551,4.167,2.5,3.5,5,4.4,-0.078,1.313,Female,Medium (500-2000),Software Products
R0552,4.333,4.5,2.125,4.167,4.4,-1.493,0.721,Male,Large (>2000),IT Services/ITES
R0553,3.944,4.583,2.5,2.333,5,-0.687,-0.708,Female,Large (>2000),Software Products
R0554,5,4.917,3.5,4.5,5,-0.155,1.755,Female,Medium (500-2000),Digital Enterprises
R0555,3.167,1.417,5,2.167,4.6,-0.208,0.191,Female,Small (<500),Software Products
R0556,3,3.75,5,4.833,2,-0.444,-0.433,Male,Large (>2000),IT Services/ITES
R0557,2.278,1.417,2.75,4.167,2.3,0.873,-0.735,Female,Medium (500-2000),Digital Enterprises
R0558,1.722,3.25,2.875,3.167,2.5,1.142,0.464,Male,Small (<500),Software Products
R0559,1.278,3.833,1.375,1,1.3,4.516,5.008,Male,Large (>2000),AI/ML Firms
R0560,2,3,1,2,3.9,3.409,1.918,Female,Large (>2000),AI/ML Firms
R0561,3.444,2.917,4,4.5,3.4,0.053,0.134,Male,Small (<500),IT Services/ITES
R0562,4.167,3.75,2.5,4.833,4.9,-0.93,1.171,Female,Medium (500-2000),Software Products
R0563,3.667,3,3.625,5,5,0.012,0.543,Male,Large (>2000),Digital Enterprises
R0564,1.944,4.667,1.25,1.333,3.3,3.211,2.914,Male,Large (>2000),Digital Enterprises
R0565,4.833,3.75,3.125,4.333,4,-0.709,1.328,Female,Medium (500-2000),Software Products
R0566,4.667,5,4.375,5,4.9,1.058,2.084,Male,Small (<500),Digital Enterprises
R0567,3.111,4.083,4.125,1.667,4.7,-0.109,0.366,Female,Medium (500-2000),Digital Enterprises
R0568,2.389,1.917,4.125,3,2.3,-0.493,0.424,Female,Medium (500-2000),IT Services/ITES
R0569,4.444,2.833,2.125,4.333,3,-1.656,0.987,Male,Medium (500-2000),AI/ML Firms
R0570,3.667,2.167,5,3.667,4.2,0.495,0.073,Male,Medium (500-2000),Software Products
R0571,1.167,4.417,2.25,1,3.7,2.883,5.281,Male,Small (<500),IT Services/ITES
R0572,3.333,3,4.75,3.167,1.5,0.021,-0.005,Male,Large (>2000),Digital Enterprises
R0573,3.722,1.167,3.75,3.5,1.6,0.064,0.017,Female,Large (>2000),AI/ML Firms
R0574,1.889,2.833,1.75,3.167,4.5,2.627,0.415,Female,Large (>2000),Software Products
R0575,3.889,2.667,3.75,3.5,4.3,0.091,0.024,Male,Medium (500-2000),IT Services/ITES
R0576,1.222,4.5,3.5,2.667,2.5,0.193,1.656,Male,Large (>2000),Software Products
R0577,5,3.167,5,4.167,4.3,2.372,1.194,Male,Medium (500-2000),Software Products
R0578,5,3.083,3.875,4.833,4.4,0.477,2.316,Male,Medium (500-2000),Software Products
R0579,2.722,4.417,5,3,4.8,-0.835,0.272,Male,Large (>2000),Software Products
R0580,3.889,5,5,3.333,3.7,0.808,-0.072,Female,Large (>2000),IT Services/ITES
R0581,1,2.583,2,2.667,1.2,3.686,1.832,Male,Large (>2000),IT Services/ITES
R0582,1.944,2.833,4.625,1.167,3.4,-1.416,3.142,Female,Small (<500),AI/ML Firms
R0583,3.056,3.917,5,4.333,3.4,-0.365,-0.227,Male,Large (>2000),Digital Enterprises
R0584,1.667,1,5,3.333,2,-2.32,0.207,Female,Medium (500-2000),IT Services/ITES
R0585,4.611,2.083,2.375,3.833,2,-1.577,0.486,Female,Large (>2000),Software Products
R0586,5,5,3.5,5,5,-0.155,2.598,Female,Medium (500-2000),Digital Enterprises
R0587,1.556,4.5,4.875,1,4.3,-2.257,4.324,Male,Large (>2000),Software Products
R0588,2.167,3.667,2,1,4,1.828,2.822,Male,Large (>2000),IT Services/ITES
R0589,3.944,3.75,1.875,4,4,-1.08,0.341,Male,Medium (500-2000),Software Products
R0590,5,5,3.875,4.167,5,0.477,1.194,Male,Large (>2000),Digital Enterprises
R0591,1.5,4.833,3.625,3.833,3.1,-0.06,-0.68,Female,Large (>2000),IT Services/ITES
R0592,3.889,3,3.875,2.667,3.5,0.162,-0.454,Female,Medium (500-2000),Digital Enterprises
R0593,5,5,3.875,4.833,5,0.477,2.316,Female,Medium (500-2000),Digital Enterprises
R0594,1,4.917,1.875,4.333,3.1,3.975,-2.025,Male,Medium (500-2000),Digital Enterprises
R0595,1.611,1.333,2.125,4,1.2,2.5,-0.923,Male,Small (<500),AI/ML Firms
R0596,3,4.667,2.875,3,3.8,0.226,0.144,Female,Small (<500),AI/ML Firms
R0597,2.833,2.083,5,1,2.9,-0.679,1.185,Male,Large (>2000),Digital Enterprises
R0598,4.667,4.833,4.5,4.833,4.6,1.227,1.858,Male,Small (<500),Software Products
R0599,3.944,3.75,4.875,5,4.3,0.807,0.97,Male,Medium (500-2000),AI/ML Firms
R0600,1,1.667,2.25,4,2.6,3.107,-1.254,Female,Large (>2000),Software Products
R0601,4.444,2.75,3.5,2.5,4.6,-0.104,-1.082,Male,Large (>2000),IT Services/ITES
R0602,2.278,3.5,2.5,4.333,4.6,1.133,-0.907,Female,Small (<500),IT Services/ITES
R0603,5,4.833,1.125,5,5,-4.157,2.598,Male,Large (>2000),Digital Enterprises
R0604,2.278,2.917,1.625,5,2.4,2.04,-1.599,Female,Small (<500),IT Services/ITES
R0605,2.333,3.833,1,2.167,2.7,2.546,1.268,Female,Large (>2000),IT Services/ITES
R0606,3.944,4.083,1,3,4.2,-1.63,-0.288,Female,Small (<500),IT Services/ITES
R0607,4.667,2.833,2.25,4.5,3.6,-1.814,1.408,Male,Small (<500),IT Services/ITES
R0608,4.056,4.583,5,4,3.2,1.043,0.401,Male,Large (>2000),Software Products
R0609,1.056,4.75,3.125,1.5,3,1.055,4.424,Male,Medium (500-2000),IT Services/ITES
R0610,4.389,5,5,4.167,4.9,1.512,0.761,Male,Small (<500),IT Services/ITES
R0611,1.833,2,3.75,4.5,2,-0.234,-1.544,Male,Small (<500),Digital Enterprises
R0612,3.889,3.25,4.875,3.833,3.8,0.736,0.215,Female,Medium (500-2000),Digital Enterprises
